order,item,496132,item206,52020726212171414206
order,27787,46047889
order,657,19200787179
order,2314,2061365,item1414520
order0655,520,184230637
order,0523062334849013490520
Carry2196,520,520,item3495580
order13,520,520387914,item132184807980
order,520,207,520,1325207505369
order2346179520,1963814460384,item66645184520,itemitem2063979359666
order,item,item666,item132870348,itemitem,item39520336
 the392779
 The,item,item144905201072360,item206206349348349
order196,5202380204723
I1447
order184,520,item1843013
